<annotation>
  <folder>data/humanhands</folder>
  <filename>0.jpg</filename>
  <segmented>0</segmented>
  <size>
    <width>224</width>
    <height>224</height>
    <depth>3</depth>
  </size>
  <object>
    <name>Hand</name>
    <pose>Unspecified</pose>
    <truncated>0</truncated>
    <difficult>0</difficult>
    <bndbox>
      <xmin>105</xmin>
      <ymin>14</ymin>
      <xmax>209</xmax>
      <ymax>220</ymax>
    </bndbox>
  </object>
  <object>
    <name>Hand</name>
    <pose>Unspecified</pose>
    <truncated>0</truncated>
    <difficult>0</difficult>
    <bndbox>
      <xmin>15</xmin>
      <ymin>4</ymin>
      <xmax>109</xmax>
      <ymax>219</ymax>
    </bndbox>
  </object>
</annotation>
