<annotation>
  <folder>data/humanhands</folder>
  <filename>21.jpg</filename>
  <segmented>0</segmented>
  <size>
    <width>224</width>
    <height>224</height>
    <depth>3</depth>
  </size>
  <object>
    <name>Hand</name>
    <pose>Unspecified</pose>
    <truncated>0</truncated>
    <difficult>0</difficult>
    <bndbox>
      <xmin>113</xmin>
      <ymin>5</ymin>
      <xmax>218</xmax>
      <ymax>199</ymax>
    </bndbox>
  </object>
  <object>
    <name>Hand</name>
    <pose>Unspecified</pose>
    <truncated>0</truncated>
    <difficult>0</difficult>
    <bndbox>
      <xmin>9</xmin>
      <ymin>12</ymin>
      <xmax>107</xmax>
      <ymax>190</ymax>
    </bndbox>
  </object>
</annotation>
