<annotation>
  <folder>data/humanhands</folder>
  <filename>24.jpg</filename>
  <segmented>0</segmented>
  <size>
    <width>224</width>
    <height>224</height>
    <depth>3</depth>
  </size>
  <object>
    <name>Hand</name>
    <pose>Unspecified</pose>
    <truncated>0</truncated>
    <difficult>0</difficult>
    <bndbox>
      <xmin>111</xmin>
      <ymin>1</ymin>
      <xmax>183</xmax>
      <ymax>197</ymax>
    </bndbox>
  </object>
  <object>
    <name>Hand</name>
    <pose>Unspecified</pose>
    <truncated>0</truncated>
    <difficult>0</difficult>
    <bndbox>
      <xmin>39</xmin>
      <ymin>9</ymin>
      <xmax>106</xmax>
      <ymax>207</ymax>
    </bndbox>
  </object>
</annotation>
