<annotation>
  <folder>data/humanhands</folder>
  <filename>31.jpg</filename>
  <segmented>0</segmented>
  <size>
    <width>224</width>
    <height>224</height>
    <depth>3</depth>
  </size>
  <object>
    <name>Hand</name>
    <pose>Unspecified</pose>
    <truncated>0</truncated>
    <difficult>0</difficult>
    <bndbox>
      <xmin>32</xmin>
      <ymin>18</ymin>
      <xmax>131</xmax>
      <ymax>138</ymax>
    </bndbox>
  </object>
  <object>
    <name>Hand</name>
    <pose>Unspecified</pose>
    <truncated>0</truncated>
    <difficult>0</difficult>
    <bndbox>
      <xmin>10</xmin>
      <ymin>93</ymin>
      <xmax>216</xmax>
      <ymax>221</ymax>
    </bndbox>
  </object>
</annotation>
