<annotation>
  <folder>data/humanhands</folder>
  <filename>5.jpg</filename>
  <segmented>0</segmented>
  <size>
    <width>224</width>
    <height>224</height>
    <depth>3</depth>
  </size>
  <object>
    <name>Hand</name>
    <pose>Unspecified</pose>
    <truncated>0</truncated>
    <difficult>0</difficult>
    <bndbox>
      <xmin>110</xmin>
      <ymin>41</ymin>
      <xmax>206</xmax>
      <ymax>196</ymax>
    </bndbox>
  </object>
  <object>
    <name>Hand</name>
    <pose>Unspecified</pose>
    <truncated>0</truncated>
    <difficult>0</difficult>
    <bndbox>
      <xmin>11</xmin>
      <ymin>48</ymin>
      <xmax>116</xmax>
      <ymax>187</ymax>
    </bndbox>
  </object>
</annotation>
