<annotation>
  <folder>data/humanhands</folder>
  <filename>59.jpg</filename>
  <segmented>0</segmented>
  <size>
    <width>224</width>
    <height>224</height>
    <depth>3</depth>
  </size>
  <object>
    <name>Hand</name>
    <pose>Unspecified</pose>
    <truncated>0</truncated>
    <difficult>0</difficult>
    <bndbox>
      <xmin>8</xmin>
      <ymin>22</ymin>
      <xmax>69</xmax>
      <ymax>220</ymax>
    </bndbox>
  </object>
  <object>
    <name>Hand</name>
    <pose>Unspecified</pose>
    <truncated>0</truncated>
    <difficult>0</difficult>
    <bndbox>
      <xmin>146</xmin>
      <ymin>27</ymin>
      <xmax>222</xmax>
      <ymax>220</ymax>
    </bndbox>
  </object>
</annotation>
