<annotation>
  <folder>data/humanhands</folder>
  <filename>75.jpg</filename>
  <segmented>0</segmented>
  <size>
    <width>224</width>
    <height>224</height>
    <depth>3</depth>
  </size>
  <object>
    <name>Hand</name>
    <pose>Unspecified</pose>
    <truncated>0</truncated>
    <difficult>0</difficult>
    <bndbox>
      <xmin>120</xmin>
      <ymin>19</ymin>
      <xmax>210</xmax>
      <ymax>175</ymax>
    </bndbox>
  </object>
  <object>
    <name>Hand</name>
    <pose>Unspecified</pose>
    <truncated>0</truncated>
    <difficult>0</difficult>
    <bndbox>
      <xmin>12</xmin>
      <ymin>19</ymin>
      <xmax>132</xmax>
      <ymax>179</ymax>
    </bndbox>
  </object>
</annotation>
