<annotation>
  <folder>data/humanhands</folder>
  <filename>8.jpg</filename>
  <segmented>0</segmented>
  <size>
    <width>224</width>
    <height>224</height>
    <depth>3</depth>
  </size>
  <object>
    <name>Hand</name>
    <pose>Unspecified</pose>
    <truncated>0</truncated>
    <difficult>0</difficult>
    <bndbox>
      <xmin>109</xmin>
      <ymin>7</ymin>
      <xmax>190</xmax>
      <ymax>215</ymax>
    </bndbox>
  </object>
  <object>
    <name>Hand</name>
    <pose>Unspecified</pose>
    <truncated>0</truncated>
    <difficult>0</difficult>
    <bndbox>
      <xmin>20</xmin>
      <ymin>24</ymin>
      <xmax>98</xmax>
      <ymax>204</ymax>
    </bndbox>
  </object>
</annotation>
