<annotation>
  <folder>data/4</folder>
  <filename>4100.jpg</filename>
  <segmented>0</segmented>
  <size>
    <width>224</width>
    <height>224</height>
    <depth>3</depth>
  </size>
  <object>
    <name>Feet</name>
    <pose>Unspecified</pose>
    <truncated>0</truncated>
    <difficult>0</difficult>
    <bndbox>
      <xmin>78</xmin>
      <ymin>114</ymin>
      <xmax>150</xmax>
      <ymax>151</ymax>
    </bndbox>
  </object>
  <object>
    <name>Ladder</name>
    <pose>Unspecified</pose>
    <truncated>0</truncated>
    <difficult>0</difficult>
    <bndbox>
      <xmin>8</xmin>
      <ymin>134</ymin>
      <xmax>205</xmax>
      <ymax>179</ymax>
    </bndbox>
  </object>
  <object>
    <name>Hand</name>
    <pose>Unspecified</pose>
    <truncated>0</truncated>
    <difficult>0</difficult>
    <bndbox>
      <xmin>37</xmin>
      <ymin>123</ymin>
      <xmax>68</xmax>
      <ymax>170</ymax>
    </bndbox>
  </object>
</annotation>
