<annotation>
  <folder>data/4</folder>
  <filename>4249.jpg</filename>
  <segmented>0</segmented>
  <size>
    <width>224</width>
    <height>224</height>
    <depth>3</depth>
  </size>
  <object>
    <name>Feet</name>
    <pose>Unspecified</pose>
    <truncated>0</truncated>
    <difficult>0</difficult>
    <bndbox>
      <xmin>122</xmin>
      <ymin>100</ymin>
      <xmax>141</xmax>
      <ymax>133</ymax>
    </bndbox>
  </object>
  <object>
    <name>Feet</name>
    <pose>Unspecified</pose>
    <truncated>0</truncated>
    <difficult>0</difficult>
    <bndbox>
      <xmin>119</xmin>
      <ymin>138</ymin>
      <xmax>148</xmax>
      <ymax>177</ymax>
    </bndbox>
  </object>
  <object>
    <name>Hand</name>
    <pose>Unspecified</pose>
    <truncated>0</truncated>
    <difficult>0</difficult>
    <bndbox>
      <xmin>55</xmin>
      <ymin>136</ymin>
      <xmax>87</xmax>
      <ymax>170</ymax>
    </bndbox>
  </object>
  <object>
    <name>Ladder</name>
    <pose>Unspecified</pose>
    <truncated>0</truncated>
    <difficult>0</difficult>
    <bndbox>
      <xmin>1</xmin>
      <ymin>139</ymin>
      <xmax>212</xmax>
      <ymax>180</ymax>
    </bndbox>
  </object>
</annotation>
