<annotation>
  <folder>data/hands</folder>
  <filename>46.jpg</filename>
  <segmented>0</segmented>
  <size>
    <width>224</width>
    <height>224</height>
    <depth>3</depth>
  </size>
  <object>
    <name>Hand</name>
    <pose>Unspecified</pose>
    <truncated>0</truncated>
    <difficult>0</difficult>
    <bndbox>
      <xmin>109</xmin>
      <ymin>20</ymin>
      <xmax>180</xmax>
      <ymax>216</ymax>
    </bndbox>
  </object>
  <object>
    <name>Hand</name>
    <pose>Unspecified</pose>
    <truncated>0</truncated>
    <difficult>0</difficult>
    <bndbox>
      <xmin>34</xmin>
      <ymin>12</ymin>
      <xmax>115</xmax>
      <ymax>207</ymax>
    </bndbox>
  </object>
</annotation>
