<annotation>
  <folder>data/humanhands</folder>
  <filename>47.jpg</filename>
  <segmented>0</segmented>
  <size>
    <width>224</width>
    <height>224</height>
    <depth>3</depth>
  </size>
  <object>
    <name>Hand</name>
    <pose>Unspecified</pose>
    <truncated>0</truncated>
    <difficult>0</difficult>
    <bndbox>
      <xmin>20</xmin>
      <ymin>27</ymin>
      <xmax>105</xmax>
      <ymax>185</ymax>
    </bndbox>
  </object>
  <object>
    <name>Hand</name>
    <pose>Unspecified</pose>
    <truncated>0</truncated>
    <difficult>0</difficult>
    <bndbox>
      <xmin>113</xmin>
      <ymin>33</ymin>
      <xmax>194</xmax>
      <ymax>185</ymax>
    </bndbox>
  </object>
</annotation>
