<annotation>
  <folder>data/humanhands</folder>
  <filename>7.jpg</filename>
  <segmented>0</segmented>
  <size>
    <width>224</width>
    <height>224</height>
    <depth>3</depth>
  </size>
  <object>
    <name>Hand</name>
    <pose>Unspecified</pose>
    <truncated>0</truncated>
    <difficult>0</difficult>
    <bndbox>
      <xmin>11</xmin>
      <ymin>8</ymin>
      <xmax>112</xmax>
      <ymax>215</ymax>
    </bndbox>
  </object>
  <object>
    <name>Hand</name>
    <pose>Unspecified</pose>
    <truncated>0</truncated>
    <difficult>0</difficult>
    <bndbox>
      <xmin>114</xmin>
      <ymin>17</ymin>
      <xmax>216</xmax>
      <ymax>208</ymax>
    </bndbox>
  </object>
</annotation>
