<annotation>
  <folder>data/humanhands</folder>
  <filename>11.jpg</filename>
  <segmented>0</segmented>
  <size>
    <width>224</width>
    <height>224</height>
    <depth>3</depth>
  </size>
  <object>
    <name>Hand</name>
    <pose>Unspecified</pose>
    <truncated>0</truncated>
    <difficult>0</difficult>
    <bndbox>
      <xmin>117</xmin>
      <ymin>34</ymin>
      <xmax>206</xmax>
      <ymax>216</ymax>
    </bndbox>
  </object>
  <object>
    <name>Hand</name>
    <pose>Unspecified</pose>
    <truncated>0</truncated>
    <difficult>0</difficult>
    <bndbox>
      <xmin>7</xmin>
      <ymin>31</ymin>
      <xmax>100</xmax>
      <ymax>216</ymax>
    </bndbox>
  </object>
</annotation>
