<annotation>
  <folder>data/humanhands</folder>
  <filename>58.jpg</filename>
  <segmented>0</segmented>
  <size>
    <width>224</width>
    <height>224</height>
    <depth>3</depth>
  </size>
  <object>
    <name>Hand</name>
    <pose>Unspecified</pose>
    <truncated>0</truncated>
    <difficult>0</difficult>
    <bndbox>
      <xmin>23</xmin>
      <ymin>16</ymin>
      <xmax>109</xmax>
      <ymax>222</ymax>
    </bndbox>
  </object>
  <object>
    <name>Hand</name>
    <pose>Unspecified</pose>
    <truncated>0</truncated>
    <difficult>0</difficult>
    <bndbox>
      <xmin>121</xmin>
      <ymin>13</ymin>
      <xmax>193</xmax>
      <ymax>222</ymax>
    </bndbox>
  </object>
</annotation>
