<annotation>
  <folder>data/humanhands</folder>
  <filename>18.jpg</filename>
  <segmented>0</segmented>
  <size>
    <width>224</width>
    <height>224</height>
    <depth>3</depth>
  </size>
  <object>
    <name>Hand</name>
    <pose>Unspecified</pose>
    <truncated>0</truncated>
    <difficult>0</difficult>
    <bndbox>
      <xmin>109</xmin>
      <ymin>11</ymin>
      <xmax>160</xmax>
      <ymax>119</ymax>
    </bndbox>
  </object>
  <object>
    <name>Hand</name>
    <pose>Unspecified</pose>
    <truncated>0</truncated>
    <difficult>0</difficult>
    <bndbox>
      <xmin>63</xmin>
      <ymin>68</ymin>
      <xmax>159</xmax>
      <ymax>190</ymax>
    </bndbox>
  </object>
</annotation>
