<annotation>
  <folder>data/humanhands</folder>
  <filename>34.jpg</filename>
  <segmented>0</segmented>
  <size>
    <width>224</width>
    <height>224</height>
    <depth>3</depth>
  </size>
  <object>
    <name>Hand</name>
    <pose>Unspecified</pose>
    <truncated>0</truncated>
    <difficult>0</difficult>
    <bndbox>
      <xmin>88</xmin>
      <ymin>104</ymin>
      <xmax>127</xmax>
      <ymax>177</ymax>
    </bndbox>
  </object>
  <object>
    <name>Hand</name>
    <pose>Unspecified</pose>
    <truncated>0</truncated>
    <difficult>0</difficult>
    <bndbox>
      <xmin>4</xmin>
      <ymin>10</ymin>
      <xmax>139</xmax>
      <ymax>209</ymax>
    </bndbox>
  </object>
</annotation>
