<annotation>
  <folder>data/humanhands</folder>
  <filename>1.jpg</filename>
  <segmented>0</segmented>
  <size>
    <width>224</width>
    <height>224</height>
    <depth>3</depth>
  </size>
  <object>
    <name>Hand</name>
    <pose>Unspecified</pose>
    <truncated>0</truncated>
    <difficult>0</difficult>
    <bndbox>
      <xmin>129</xmin>
      <ymin>64</ymin>
      <xmax>185</xmax>
      <ymax>184</ymax>
    </bndbox>
  </object>
  <object>
    <name>Hand</name>
    <pose>Unspecified</pose>
    <truncated>0</truncated>
    <difficult>0</difficult>
    <bndbox>
      <xmin>24</xmin>
      <ymin>23</ymin>
      <xmax>132</xmax>
      <ymax>181</ymax>
    </bndbox>
  </object>
</annotation>
