<annotation>
  <folder>data/ladder</folder>
  <filename>44.jpg</filename>
  <segmented>0</segmented>
  <size>
    <width>224</width>
    <height>224</height>
    <depth>3</depth>
  </size>
  <object>
    <name>Ladder</name>
    <pose>Unspecified</pose>
    <truncated>0</truncated>
    <difficult>0</difficult>
    <bndbox>
      <xmin>45</xmin>
      <ymin>12</ymin>
      <xmax>128</xmax>
      <ymax>196</ymax>
    </bndbox>
  </object>
  <object>
    <name>Ladder</name>
    <pose>Unspecified</pose>
    <truncated>0</truncated>
    <difficult>0</difficult>
    <bndbox>
      <xmin>115</xmin>
      <ymin>21</ymin>
      <xmax>217</xmax>
      <ymax>198</ymax>
    </bndbox>
  </object>
</annotation>
