<annotation>
  <folder>data/ladderwooden</folder>
  <filename>32.jpg</filename>
  <segmented>0</segmented>
  <size>
    <width>224</width>
    <height>224</height>
    <depth>3</depth>
  </size>
  <object>
    <name>Ladder</name>
    <pose>Unspecified</pose>
    <truncated>0</truncated>
    <difficult>0</difficult>
    <bndbox>
      <xmin>102</xmin>
      <ymin>11</ymin>
      <xmax>194</xmax>
      <ymax>207</ymax>
    </bndbox>
  </object>
  <object>
    <name>Ladder</name>
    <pose>Unspecified</pose>
    <truncated>0</truncated>
    <difficult>0</difficult>
    <bndbox>
      <xmin>53</xmin>
      <ymin>21</ymin>
      <xmax>98</xmax>
      <ymax>203</ymax>
    </bndbox>
  </object>
</annotation>
