<annotation>
  <folder>data/ladderwooden</folder>
  <filename>26.jpg</filename>
  <segmented>0</segmented>
  <size>
    <width>224</width>
    <height>224</height>
    <depth>3</depth>
  </size>
  <object>
    <name>Ladder</name>
    <pose>Unspecified</pose>
    <truncated>0</truncated>
    <difficult>0</difficult>
    <bndbox>
      <xmin>81</xmin>
      <ymin>23</ymin>
      <xmax>181</xmax>
      <ymax>197</ymax>
    </bndbox>
  </object>
  <object>
    <name>Ladder</name>
    <pose>Unspecified</pose>
    <truncated>0</truncated>
    <difficult>0</difficult>
    <bndbox>
      <xmin>8</xmin>
      <ymin>7</ymin>
      <xmax>79</xmax>
      <ymax>213</ymax>
    </bndbox>
  </object>
</annotation>
