<annotation>
  <folder>data/ladderwooden</folder>
  <filename>14.jpg</filename>
  <segmented>0</segmented>
  <size>
    <width>224</width>
    <height>224</height>
    <depth>3</depth>
  </size>
  <object>
    <name>Ladder</name>
    <pose>Unspecified</pose>
    <truncated>0</truncated>
    <difficult>0</difficult>
    <bndbox>
      <xmin>33</xmin>
      <ymin>8</ymin>
      <xmax>115</xmax>
      <ymax>192</ymax>
    </bndbox>
  </object>
  <object>
    <name>Ladder</name>
    <pose>Unspecified</pose>
    <truncated>0</truncated>
    <difficult>0</difficult>
    <bndbox>
      <xmin>113</xmin>
      <ymin>11</ymin>
      <xmax>197</xmax>
      <ymax>197</ymax>
    </bndbox>
  </object>
</annotation>
