<annotation>
  <folder>data/ladderwooden</folder>
  <filename>35.jpg</filename>
  <segmented>0</segmented>
  <size>
    <width>224</width>
    <height>224</height>
    <depth>3</depth>
  </size>
  <object>
    <name>Ladder</name>
    <pose>Unspecified</pose>
    <truncated>0</truncated>
    <difficult>0</difficult>
    <bndbox>
      <xmin>103</xmin>
      <ymin>31</ymin>
      <xmax>185</xmax>
      <ymax>218</ymax>
    </bndbox>
  </object>
  <object>
    <name>Ladder</name>
    <pose>Unspecified</pose>
    <truncated>0</truncated>
    <difficult>0</difficult>
    <bndbox>
      <xmin>62</xmin>
      <ymin>36</ymin>
      <xmax>103</xmax>
      <ymax>186</ymax>
    </bndbox>
  </object>
</annotation>
