<annotation>
  <folder>data/ladderwooden</folder>
  <filename>41.jpg</filename>
  <segmented>0</segmented>
  <size>
    <width>224</width>
    <height>224</height>
    <depth>3</depth>
  </size>
  <object>
    <name>Ladder</name>
    <pose>Unspecified</pose>
    <truncated>0</truncated>
    <difficult>0</difficult>
    <bndbox>
      <xmin>84</xmin>
      <ymin>19</ymin>
      <xmax>171</xmax>
      <ymax>104</ymax>
    </bndbox>
  </object>
  <object>
    <name>Ladder</name>
    <pose>Unspecified</pose>
    <truncated>0</truncated>
    <difficult>0</difficult>
    <bndbox>
      <xmin>47</xmin>
      <ymin>122</ymin>
      <xmax>160</xmax>
      <ymax>211</ymax>
    </bndbox>
  </object>
</annotation>
