<annotation>
  <folder>data/shoes</folder>
  <filename>5.jpg</filename>
  <segmented>0</segmented>
  <size>
    <width>224</width>
    <height>224</height>
    <depth>3</depth>
  </size>
  <object>
    <name>Feet</name>
    <pose>Unspecified</pose>
    <truncated>0</truncated>
    <difficult>0</difficult>
    <bndbox>
      <xmin>29</xmin>
      <ymin>14</ymin>
      <xmax>223</xmax>
      <ymax>134</ymax>
    </bndbox>
  </object>
  <object>
    <name>Feet</name>
    <pose>Unspecified</pose>
    <truncated>0</truncated>
    <difficult>0</difficult>
    <bndbox>
      <xmin>6</xmin>
      <ymin>74</ymin>
      <xmax>200</xmax>
      <ymax>203</ymax>
    </bndbox>
  </object>
</annotation>
