<annotation>
  <folder>data/shoes</folder>
  <filename>16.jpg</filename>
  <segmented>0</segmented>
  <size>
    <width>224</width>
    <height>224</height>
    <depth>3</depth>
  </size>
  <object>
    <name>Feet</name>
    <pose>Unspecified</pose>
    <truncated>0</truncated>
    <difficult>0</difficult>
    <bndbox>
      <xmin>14</xmin>
      <ymin>30</ymin>
      <xmax>72</xmax>
      <ymax>160</ymax>
    </bndbox>
  </object>
  <object>
    <name>Feet</name>
    <pose>Unspecified</pose>
    <truncated>0</truncated>
    <difficult>0</difficult>
    <bndbox>
      <xmin>87</xmin>
      <ymin>92</ymin>
      <xmax>208</xmax>
      <ymax>191</ymax>
    </bndbox>
  </object>
</annotation>
