<annotation>
  <folder>data/shoes</folder>
  <filename>21.jpg</filename>
  <segmented>0</segmented>
  <size>
    <width>224</width>
    <height>224</height>
    <depth>3</depth>
  </size>
  <object>
    <name>Feet</name>
    <pose>Unspecified</pose>
    <truncated>0</truncated>
    <difficult>0</difficult>
    <bndbox>
      <xmin>122</xmin>
      <ymin>16</ymin>
      <xmax>211</xmax>
      <ymax>203</ymax>
    </bndbox>
  </object>
  <object>
    <name>Feet</name>
    <pose>Unspecified</pose>
    <truncated>0</truncated>
    <difficult>0</difficult>
    <bndbox>
      <xmin>6</xmin>
      <ymin>69</ymin>
      <xmax>150</xmax>
      <ymax>186</ymax>
    </bndbox>
  </object>
</annotation>
