<annotation>
  <folder>data/shoes</folder>
  <filename>22.jpg</filename>
  <segmented>0</segmented>
  <size>
    <width>224</width>
    <height>224</height>
    <depth>3</depth>
  </size>
  <object>
    <name>Feet</name>
    <pose>Unspecified</pose>
    <truncated>0</truncated>
    <difficult>0</difficult>
    <bndbox>
      <xmin>128</xmin>
      <ymin>36</ymin>
      <xmax>204</xmax>
      <ymax>182</ymax>
    </bndbox>
  </object>
  <object>
    <name>Feet</name>
    <pose>Unspecified</pose>
    <truncated>0</truncated>
    <difficult>0</difficult>
    <bndbox>
      <xmin>22</xmin>
      <ymin>92</ymin>
      <xmax>166</xmax>
      <ymax>200</ymax>
    </bndbox>
  </object>
</annotation>
