<annotation>
  <folder>data/trainershoes</folder>
  <filename>45.jpg</filename>
  <segmented>0</segmented>
  <size>
    <width>224</width>
    <height>224</height>
    <depth>3</depth>
  </size>
  <object>
    <name>Feet</name>
    <pose>Unspecified</pose>
    <truncated>0</truncated>
    <difficult>0</difficult>
    <bndbox>
      <xmin>18</xmin>
      <ymin>19</ymin>
      <xmax>146</xmax>
      <ymax>107</ymax>
    </bndbox>
  </object>
  <object>
    <name>Feet</name>
    <pose>Unspecified</pose>
    <truncated>0</truncated>
    <difficult>0</difficult>
    <bndbox>
      <xmin>24</xmin>
      <ymin>6</ymin>
      <xmax>208</xmax>
      <ymax>197</ymax>
    </bndbox>
  </object>
</annotation>
