<annotation>
  <folder>data/ladderwooden</folder>
  <filename>15.jpg</filename>
  <segmented>0</segmented>
  <size>
    <width>224</width>
    <height>224</height>
    <depth>3</depth>
  </size>
  <object>
    <name>Ladder</name>
    <pose>Unspecified</pose>
    <truncated>0</truncated>
    <difficult>0</difficult>
    <bndbox>
      <xmin>43</xmin>
      <ymin>14</ymin>
      <xmax>123</xmax>
      <ymax>215</ymax>
    </bndbox>
  </object>
  <object>
    <name>Ladder</name>
    <pose>Unspecified</pose>
    <truncated>0</truncated>
    <difficult>0</difficult>
    <bndbox>
      <xmin>106</xmin>
      <ymin>8</ymin>
      <xmax>192</xmax>
      <ymax>192</ymax>
    </bndbox>
  </object>
</annotation>
