<annotation>
  <folder>data/trainershoes</folder>
  <filename>19.jpg</filename>
  <segmented>0</segmented>
  <size>
    <width>224</width>
    <height>224</height>
    <depth>3</depth>
  </size>
  <object>
    <name>Feet</name>
    <pose>Unspecified</pose>
    <truncated>0</truncated>
    <difficult>0</difficult>
    <bndbox>
      <xmin>8</xmin>
      <ymin>35</ymin>
      <xmax>126</xmax>
      <ymax>195</ymax>
    </bndbox>
  </object>
  <object>
    <name>Feet</name>
    <pose>Unspecified</pose>
    <truncated>0</truncated>
    <difficult>0</difficult>
    <bndbox>
      <xmin>65</xmin>
      <ymin>84</ymin>
      <xmax>216</xmax>
      <ymax>184</ymax>
    </bndbox>
  </object>
</annotation>
