<annotation>
  <folder>data/trainershoes</folder>
  <filename>25.jpg</filename>
  <segmented>0</segmented>
  <size>
    <width>224</width>
    <height>224</height>
    <depth>3</depth>
  </size>
  <object>
    <name>Feet</name>
    <pose>Unspecified</pose>
    <truncated>0</truncated>
    <difficult>0</difficult>
    <bndbox>
      <xmin>139</xmin>
      <ymin>46</ymin>
      <xmax>212</xmax>
      <ymax>175</ymax>
    </bndbox>
  </object>
  <object>
    <name>Feet</name>
    <pose>Unspecified</pose>
    <truncated>0</truncated>
    <difficult>0</difficult>
    <bndbox>
      <xmin>14</xmin>
      <ymin>75</ymin>
      <xmax>161</xmax>
      <ymax>180</ymax>
    </bndbox>
  </object>
</annotation>
