<annotation>
  <folder>data/trainershoes</folder>
  <filename>27.jpg</filename>
  <segmented>0</segmented>
  <size>
    <width>224</width>
    <height>224</height>
    <depth>3</depth>
  </size>
  <object>
    <name>Feet</name>
    <pose>Unspecified</pose>
    <truncated>0</truncated>
    <difficult>0</difficult>
    <bndbox>
      <xmin>106</xmin>
      <ymin>75</ymin>
      <xmax>205</xmax>
      <ymax>179</ymax>
    </bndbox>
  </object>
  <object>
    <name>Feet</name>
    <pose>Unspecified</pose>
    <truncated>0</truncated>
    <difficult>0</difficult>
    <bndbox>
      <xmin>16</xmin>
      <ymin>110</ymin>
      <xmax>163</xmax>
      <ymax>201</ymax>
    </bndbox>
  </object>
</annotation>
