<annotation>
  <folder>data/trainershoes</folder>
  <filename>58.jpg</filename>
  <segmented>0</segmented>
  <size>
    <width>224</width>
    <height>224</height>
    <depth>3</depth>
  </size>
  <object>
    <name>Feet</name>
    <pose>Unspecified</pose>
    <truncated>0</truncated>
    <difficult>0</difficult>
    <bndbox>
      <xmin>75</xmin>
      <ymin>96</ymin>
      <xmax>193</xmax>
      <ymax>176</ymax>
    </bndbox>
  </object>
  <object>
    <name>Feet</name>
    <pose>Unspecified</pose>
    <truncated>0</truncated>
    <difficult>0</difficult>
    <bndbox>
      <xmin>11</xmin>
      <ymin>84</ymin>
      <xmax>132</xmax>
      <ymax>128</ymax>
    </bndbox>
  </object>
</annotation>
