<annotation>
  <folder>data/5</folder>
  <filename>5101.jpg</filename>
  <segmented>0</segmented>
  <size>
    <width>224</width>
    <height>224</height>
    <depth>3</depth>
  </size>
  <object>
    <name>Feet</name>
    <pose>Unspecified</pose>
    <truncated>0</truncated>
    <difficult>0</difficult>
    <bndbox>
      <xmin>135</xmin>
      <ymin>96</ymin>
      <xmax>164</xmax>
      <ymax>113</ymax>
    </bndbox>
  </object>
  <object>
    <name>Feet</name>
    <pose>Unspecified</pose>
    <truncated>0</truncated>
    <difficult>0</difficult>
    <bndbox>
      <xmin>124</xmin>
      <ymin>129</ymin>
      <xmax>164</xmax>
      <ymax>140</ymax>
    </bndbox>
  </object>
  <object>
    <name>Ladder</name>
    <pose>Unspecified</pose>
    <truncated>0</truncated>
    <difficult>0</difficult>
    <bndbox>
      <xmin>13</xmin>
      <ymin>87</ymin>
      <xmax>208</xmax>
      <ymax>162</ymax>
    </bndbox>
  </object>
  <object>
    <name>Hand</name>
    <pose>Unspecified</pose>
    <truncated>0</truncated>
    <difficult>0</difficult>
    <bndbox>
      <xmin>40</xmin>
      <ymin>89</ymin>
      <xmax>68</xmax>
      <ymax>111</ymax>
    </bndbox>
  </object>
</annotation>
