<annotation>
  <folder>data/5</folder>
  <filename>5123.jpg</filename>
  <segmented>0</segmented>
  <size>
    <width>224</width>
    <height>224</height>
    <depth>3</depth>
  </size>
  <object>
    <name>Feet</name>
    <pose>Unspecified</pose>
    <truncated>0</truncated>
    <difficult>0</difficult>
    <bndbox>
      <xmin>93</xmin>
      <ymin>103</ymin>
      <xmax>121</xmax>
      <ymax>120</ymax>
    </bndbox>
  </object>
  <object>
    <name>Feet</name>
    <pose>Unspecified</pose>
    <truncated>0</truncated>
    <difficult>0</difficult>
    <bndbox>
      <xmin>126</xmin>
      <ymin>126</ymin>
      <xmax>154</xmax>
      <ymax>143</ymax>
    </bndbox>
  </object>
  <object>
    <name>Hand</name>
    <pose>Unspecified</pose>
    <truncated>0</truncated>
    <difficult>0</difficult>
    <bndbox>
      <xmin>29</xmin>
      <ymin>97</ymin>
      <xmax>44</xmax>
      <ymax>114</ymax>
    </bndbox>
  </object>
  <object>
    <name>Ladder</name>
    <pose>Unspecified</pose>
    <truncated>0</truncated>
    <difficult>0</difficult>
    <bndbox>
      <xmin>16</xmin>
      <ymin>87</ymin>
      <xmax>206</xmax>
      <ymax>150</ymax>
    </bndbox>
  </object>
</annotation>
