<annotation>
  <folder>data/5</folder>
  <filename>5226.jpg</filename>
  <segmented>0</segmented>
  <size>
    <width>224</width>
    <height>224</height>
    <depth>3</depth>
  </size>
  <object>
    <name>Feet</name>
    <pose>Unspecified</pose>
    <truncated>0</truncated>
    <difficult>0</difficult>
    <bndbox>
      <xmin>90</xmin>
      <ymin>91</ymin>
      <xmax>136</xmax>
      <ymax>128</ymax>
    </bndbox>
  </object>
  <object>
    <name>Feet</name>
    <pose>Unspecified</pose>
    <truncated>0</truncated>
    <difficult>0</difficult>
    <bndbox>
      <xmin>70</xmin>
      <ymin>124</ymin>
      <xmax>127</xmax>
      <ymax>145</ymax>
    </bndbox>
  </object>
  <object>
    <name>Ladder</name>
    <pose>Unspecified</pose>
    <truncated>0</truncated>
    <difficult>0</difficult>
    <bndbox>
      <xmin>7</xmin>
      <ymin>85</ymin>
      <xmax>209</xmax>
      <ymax>160</ymax>
    </bndbox>
  </object>
</annotation>
