<annotation>
  <folder>data/5</folder>
  <filename>5228.jpg</filename>
  <segmented>0</segmented>
  <size>
    <width>224</width>
    <height>224</height>
    <depth>3</depth>
  </size>
  <object>
    <name>Feet</name>
    <pose>Unspecified</pose>
    <truncated>0</truncated>
    <difficult>0</difficult>
    <bndbox>
      <xmin>96</xmin>
      <ymin>92</ymin>
      <xmax>120</xmax>
      <ymax>126</ymax>
    </bndbox>
  </object>
  <object>
    <name>Feet</name>
    <pose>Unspecified</pose>
    <truncated>0</truncated>
    <difficult>0</difficult>
    <bndbox>
      <xmin>67</xmin>
      <ymin>120</ymin>
      <xmax>116</xmax>
      <ymax>145</ymax>
    </bndbox>
  </object>
  <object>
    <name>Ladder</name>
    <pose>Unspecified</pose>
    <truncated>0</truncated>
    <difficult>0</difficult>
    <bndbox>
      <xmin>14</xmin>
      <ymin>92</ymin>
      <xmax>202</xmax>
      <ymax>152</ymax>
    </bndbox>
  </object>
</annotation>
