<annotation>
  <folder>data/5</folder>
  <filename>570.jpg</filename>
  <segmented>0</segmented>
  <size>
    <width>224</width>
    <height>224</height>
    <depth>3</depth>
  </size>
  <object>
    <name>Feet</name>
    <pose>Unspecified</pose>
    <truncated>0</truncated>
    <difficult>0</difficult>
    <bndbox>
      <xmin>146</xmin>
      <ymin>94</ymin>
      <xmax>177</xmax>
      <ymax>116</ymax>
    </bndbox>
  </object>
  <object>
    <name>Feet</name>
    <pose>Unspecified</pose>
    <truncated>0</truncated>
    <difficult>0</difficult>
    <bndbox>
      <xmin>151</xmin>
      <ymin>121</ymin>
      <xmax>182</xmax>
      <ymax>163</ymax>
    </bndbox>
  </object>
  <object>
    <name>Hand</name>
    <pose>Unspecified</pose>
    <truncated>0</truncated>
    <difficult>0</difficult>
    <bndbox>
      <xmin>69</xmin>
      <ymin>96</ymin>
      <xmax>94</xmax>
      <ymax>109</ymax>
    </bndbox>
  </object>
  <object>
    <name>Ladder</name>
    <pose>Unspecified</pose>
    <truncated>0</truncated>
    <difficult>0</difficult>
    <bndbox>
      <xmin>7</xmin>
      <ymin>85</ymin>
      <xmax>198</xmax>
      <ymax>154</ymax>
    </bndbox>
  </object>
</annotation>
